fullyQualifiedDomainName,sku.capacity,storageProfile.storageMb,sku.tier,version,name,environment,server_type,migration_path,approved
xxxx.xxxx.eu-west-1.rds.amazonaws.com,4,xxx,AWS_RDS_General_Purpose,8,server-name-logfile,prod,AWS_RDS_General_Purpose,Migration-Service,Yes
xxxx.xxxx.eu-west-1.rds.amazonaws.com,8,xxx,AWS_RDS_Memory_Optimized,8,server-name-logfile,prod,AWS_RDS_Memory_Optimized,Migration-Service,Yes
xxxx.cluster-xxxxxxx.us-east-1.rds.amazonaws.com,8,xxx,AWS_Aurora_General_Purpose,8,server-name-logfile,prod,AWS_Aurora_General_Purpose,Migration-Service,Yes
xxxx.cluster-xxxxxxx.us-east-1.rds.amazonaws.com,8,xxx,AWS_Aurora_Memory_Optimized,8,server-name-logfile,prod,AWS_Aurora_Memory_Optimized,Migration-Service,Yes
xx-cloud-xx.googledomains.com,8,xxx,GCP_CloudSQL_Enterprise,8,server-name-logfile,prod,GCP_CloudSQL_Enterprise,Migration-Service,Yes
xxxx.com,4,xxx,Azure_VM,8,server-name-logfile,prod,Azure_VM,Migration-Service,Yes
xxxx.com,4,xxx,GCP_VM,8,server-name-logfile,prod,GCP_VM,Migration-Service,Yes
xxxx.com,4,xxx,AWS_VM,8,server-name-logfile,prod,AWS_VM,Migration-Service,Yes
xxxx.com,4,xxx,Onprem_VM,8,server-name-logfile,prod,Onprem_VM,Migration-Service,Yes
xxxx.com,4,xxx,K8s_Cluster_Node,8,server-name-logfile,prod,K8s_Cluster_Node,Migration-Service,Yes
